Table,Column,Type,Nullable,Key,Default,References,On Delete,Personal Data,Description,Why
contracts,id,uuid,No,PK,gen_random_uuid(),,,No,Surrogate key; the id in the contract page URL and in every child row.,"AC-US-00-007-2: the owner opens one contract; every clause, field and obligation hangs off it."
contracts,title,text,No,,,,,No,Contract title shown in the list and cited in answers.,AC-US-00-004-4: a citation names the contract; AC-US-00-007-1: the list shows each contract.
contracts,contract_type,contract_type,No,,,,,No,"lease, vendor or service.","AC-US-00-001-1: a loaded lease has type lease; AC-US-00-007-1: the list shows its type. Source: truth.json for generated contracts, the required type picker for uploads (Q-026)."
contracts,source_filename,text,No,,,,,No,File name as uploaded.,AC-US-00-001-5: the owner is told which existing contract a duplicate matches.
contracts,file_sha256,char(64),No,UK,,,,No,"SHA-256 of the PDF bytes, lowercase hex.",AC-US-00-001-5: the same file loaded again creates no second contract.
contracts,full_text,text,No,,,,,No,All text pypdf read from the PDF.,AC-US-00-001-1: the full extracted text is stored; AC-US-00-001-4: an empty text layer is refused.
contracts,page_count,integer,No,,,,,No,Pages in the PDF.,AC-US-00-001-4: a PDF with pages but no text is the scanned case the message names.
contracts,created_at,timestamptz,No,,now(),,,No,When the contract was loaded.,Rule: every table carries timestamptz audit columns (database postgres reference).
contracts,updated_at,timestamptz,No,,now(),,,No,Last change to this row.,Rule: every table carries timestamptz audit columns (database postgres reference).
clauses,id,uuid,No,PK,gen_random_uuid(),,,No,Surrogate key; the clause a quote or citation points to.,AC-US-00-002-2: a field holds the clause its quote came from.
clauses,contract_id,uuid,No,FK,,contracts.id,CASCADE,No,The contract this clause belongs to.,AC-US-00-001-2: each contract stores its clauses. CASCADE: clauses have no life without their contract.
clauses,clause_number,text,No,,,,,No,"Number as printed, such as 7.2.",AC-US-00-001-3: clause 7.2 is returned exactly; AC-US-00-004-4: citations name the clause number.
clauses,heading,text,No,,,,,No,Heading printed after the number; may be empty.,AC-US-00-001-2: stored numbers and headings equal truth.json.
clauses,body,text,No,,,,,No,Clause text.,AC-US-00-002-3: quotes are checked against the clause text.
clauses,position,integer,No,,,,,No,"Order of the clause in the contract, from 1.",AC-US-00-007-2: the contract view shows clauses in reading order.
clauses,embedding,vector(384),Yes,,,,,No,bge-small-en-v1.5 vector of heading and body; null until embedded.,AC-US-00-004-3: a paraphrased question finds its clause by vector search (ADR-0004).
clauses,embedding_model,text,Yes,,,,,No,Model name and version that produced embedding.,"ADR-0004: changing the embedding model means re-embedding, so each vector records its model."
clauses,search_tsv,tsvector,Yes,,,,,No,"English full-text vector of heading and body, generated by Postgres.",AC-US-00-004-2: an exact-term question finds its clause by full-text search (ADR-0005).
clauses,created_at,timestamptz,No,,now(),,,No,When the clause was stored.,Rule: every table carries timestamptz audit columns (database postgres reference).
clauses,updated_at,timestamptz,No,,now(),,,No,"Last change to this row, such as embedding.",Rule: every table carries timestamptz audit columns (database postgres reference).
extractions,id,uuid,No,PK,gen_random_uuid(),,,No,Surrogate key; the id a correction is posted to.,AC-US-00-008-2: the owner saves a correction for one held field.
extractions,contract_id,uuid,No,FK,,contracts.id,CASCADE,No,The contract the field was extracted from.,AC-US-00-002-1: 10 field rows per contract. CASCADE: fields die with their contract.
extractions,field_name,extraction_field,No,,,,,No,Which of the 10 fields this row holds.,AC-US-00-002-1: one row per field name in REQ-005.
extractions,value_text,text,Yes,,,,,No,"Value as the model returned it, as written in the contract.",AC-US-00-002-2: a field holds a value; Q-021: date text is kept as written for code to parse. Null when the model returned none (value_missing).
extractions,quote,text,Yes,,,,,No,Exact contract text the model gave as the source.,AC-US-00-002-2 and REQ-006: every field carries its quote. Null when the model returned none.
extractions,cited_clause_number,text,Yes,,,,,No,Clause number exactly as the model cited it.,AC-US-00-002-2: every field holds the clause number; AC-US-00-008-1: a clause_not_found hold shows which number the model cited. Null when the model cited none.
extractions,clause_id,uuid,Yes,FK,,clauses.id,CASCADE,No,Clause the model cited; null when the cited number does not exist.,AC-US-00-002-2: the clause number the quote came from; AC-US-00-002-4: the quote is checked against this clause.
extractions,status,extraction_status,No,,,,,No,"accepted, needs_review or corrected.",AC-US-00-002-4 and AC-US-00-003-6: held fields go to needs_review; AC-US-00-008-2: a correction leaves the queue.
extractions,review_reason,review_reason,Yes,,,,,No,Why the field is held.,AC-US-00-008-1: the review page shows the reason each field is held.
extractions,corrected_value,text,Yes,,,,,No,Value the owner entered in the review queue.,AC-US-00-008-2: dates are recomputed from it; AC-US-00-008-3: it survives re-extraction (Q-018).
extractions,corrected_at,timestamptz,Yes,,,,,No,When the owner saved corrected_value.,AC-US-00-008-3: a corrected row is recognisable so re-extraction keeps it.
extractions,prompt_version,text,No,,,,,No,Prompt registry version that produced this row.,AC-US-00-002-5: replay depends on the prompt version; US-02-001 compares runs per prompt version.
extractions,model_id,text,No,,,,,No,Exact model id that produced this row.,ADR-0002: model pinned by exact id; a model change must be visible per row.
extractions,created_at,timestamptz,No,,now(),,,No,When the field was first extracted.,AC-US-00-008-1: the review queue lists oldest first.
extractions,updated_at,timestamptz,No,,now(),,,No,Last change to this row.,Rule: every table carries timestamptz audit columns (database postgres reference).
obligations,id,uuid,No,PK,gen_random_uuid(),,,No,Surrogate key; the obligation a reminder is sent for.,AC-US-00-006-1: a reminder names one obligation.
obligations,contract_id,uuid,No,FK,,contracts.id,CASCADE,No,The contract the duty comes from.,AC-US-00-007-3: deadlines list their contract. CASCADE: obligations die with their contract.
obligations,source_extraction_id,uuid,No,FK,,extractions.id,CASCADE,No,The extracted field the date was computed from.,"AC-US-00-003-7: each obligation shows the clause it came from, reached through the field. Composite FK with contract_id keeps the field in the same contract; CASCADE: a date without its field is meaningless."
obligations,kind,obligation_kind,No,,,,,No,"expiry, notice_deadline, renewal, escalation or payment.",AC-US-00-003-7: each dated duty appears as one obligation of its kind (Q-009).
obligations,due_on,date,No,,,,,No,"Calendar date of the duty, computed in code.",AC-US-00-003-1 to AC-US-00-003-5: computed dates; REQ-007: never from the model.
obligations,created_at,timestamptz,No,,now(),,,No,When the date was first computed.,Rule: every table carries timestamptz audit columns (database postgres reference).
obligations,updated_at,timestamptz,No,,now(),,,No,Last change to this row.,Rule: every table carries timestamptz audit columns (database postgres reference).
reminders,id,uuid,No,PK,gen_random_uuid(),,,No,Surrogate key.,Rule: every table has a surrogate primary key (database postgres reference).
reminders,obligation_id,uuid,No,FK,,obligations.id,CASCADE,No,The obligation this reminder is about.,AC-US-00-006-1: the email names the obligation. CASCADE: a reminder for a removed date must not be sent.
reminders,lead_days,integer,No,,,,,No,Days before due_on the email is due.,AC-US-00-006-1 and AC-US-00-006-2: 30-day and 7-day reminders (Q-001).
reminders,send_on,date,No,,,,,No,due_on minus lead_days.,AC-US-00-006-4: make remind sends every pending reminder with send_on on or before today.
reminders,status,reminder_status,No,,'pending',,,No,"pending, sending, sent or skipped.","AC-US-00-006-3: a sent reminder is not sent again, and sending marks the row before the SMTP call so a crash cannot cause a resend; AC-US-00-006-5: earlier reminders due on the same run are skipped."
reminders,sent_at,timestamptz,Yes,,,,,No,When the email was handed to MailHog.,AC-US-00-006-3: a second run the same day sends nothing; sent_at proves the first send.
reminders,recipient,text,Yes,,,,,Yes,"Address the email went to, copied from REMINDER_TO at send time.",Q-002: one recipient in .env; recorded so a later change of REMINDER_TO does not rewrite history.
reminders,created_at,timestamptz,No,,now(),,,No,When the reminder was planned.,Rule: every table carries timestamptz audit columns (database postgres reference).
reminders,updated_at,timestamptz,No,,now(),,,No,Last change to this row.,Rule: every table carries timestamptz audit columns (database postgres reference).
llm_calls,id,uuid,No,PK,gen_random_uuid(),,,No,Surrogate key.,Rule: every table has a surrogate primary key (database postgres reference).
llm_calls,run_id,uuid,No,,,,,No,One id per command run.,AC-US-02-003-3: eval-live prints the USD spent by that run.
llm_calls,prompt_name,text,No,,,,,No,Registry name of the prompt.,AC-US-02-003-3: eval-live prints spend; split by prompt it shows which component cost what.
llm_calls,prompt_version,text,No,,,,,No,Registry version of the prompt.,ADR-0009: the cache key includes the prompt version.
llm_calls,model_id,text,No,,,,,No,Exact model id called.,ADR-0002: model pinned by exact id.
llm_calls,cache_key,char(64),No,,,,,No,"SHA-256 of prompt version, model and request body.",AC-US-02-003-2: a miss lists the missing cache keys.
llm_calls,cache_hit,boolean,No,,,,,No,True when the reply came from the disk cache.,AC-US-00-002-5: a cached replay makes no network call.
llm_calls,input_tokens,integer,No,,,,,No,Input tokens reported by OpenRouter.,genai-design section 5: measured tokens replace the assumptions after the first live run.
llm_calls,output_tokens,integer,No,,,,,No,Output tokens reported by OpenRouter.,genai-design section 5: measured tokens replace the assumptions after the first live run.
llm_calls,cost_usd,"numeric(10,6)",No,,,,,No,Cost in US dollars reported by OpenRouter.,"AC-US-00-002-6: no call once recorded spend reaches USD 9 (Q-007); a live call is never recorded at 0, so the stop cannot undercount."
llm_calls,created_at,timestamptz,No,,now(),,,No,When the call was made.,AC-US-02-003-3: spend of one eval-live run is the sum since that run started.
